{"frameRate":24,"isGlobal":0,"name":"cs_loading_3","version":"5.5","armature":[{"skin":[{"name":"","slot":[{"display":[{"vertices":[-146.55,158.6,-126.65,174.7,-82.45,180.5,-47.3,179.7,33.1,166.65,89.2,147.5,93.35,122.45,132.45,90.35,146.5,24.05,137.55,-44.25,142.5,-120.55,126.5,-148.7,66.1,-144.65,11.95,-95.45,-51.25,-80.4,-103.55,-51.25,-100.55,-16.1,-97.45,8,-127.65,40.1,-132.6,86.3,-139.7,124.55],"edges":[0,1,1,2,2,3,3,4,4,5,5,6,6,7,7,8,8,9,9,10,10,11,11,12,12,13,13,14,14,15,15,16,16,17,17,18,18,19,19,20,20,0],"path":"财神loading/GP_Lobby_CaiShen","bonePose":[1,0.2360400278422772,-0.971743333013516,0.971743333013516,0.2360400278422772,-780.3,272.15,6,0.04444941641503705,-0.9990116362587388,0.9990116362587388,0.04444941641503705,-754.2,164.7],"weights":[2,1,0.7235275698002983,6,0.27647243019970164,2,1,0.7742239464225522,6,0.22577605357744787,2,1,0.8743427723833076,6,0.12565722761669237,2,1,0.937165427299911,6,0.06283457270008895,2,1,0.7924740080630834,6,0.20752599193691657,2,1,0.6015361334863863,6,0.39846386651361354,2,1,0.5574699821554506,6,0.4425300178445493,2,1,0.5042742471948876,6,0.4957257528051124,2,1,0.4954160635972898,6,0.5045839364027103,2,1,0.41807236378883217,6,0.5819276362111678,2,1,0.3252032575507827,6,0.6747967424492173,2,1,0.29277764104580783,6,0.7072223589541922,2,1,0.19436791148895133,6,0.8056320885110487,2,1,0.02977343167012699,6,0.970226568329873,2,1,0.13581261930333607,6,0.8641873806966639,2,1,0.37130350413941204,6,0.628696495860588,2,1,0.4429585662846296,6,0.5570414337153704,2,1,0.4826352712538479,6,0.517364728746152,2,1,0.5180631102170236,6,0.4819368897829765,2,1,0.5995215377127673,6,0.40047846228723266,2,1,0.6827257630496253,6,0.31727423695037477],"userEdges":[],"name":"财神loading/GP_Lobby_CaiShen","slotPose":[0.9999999999999999,6.938893903907228e-18,-6.938893903907228e-18,0.9999999999999999,-747.5866796196094,128.10516235304823],"type":"mesh","uvs":[-0.00017,0.93934,0.06775,0.98393,0.2186,1,0.33857,0.99778,0.61297,0.96163,0.80444,0.90859,0.8186,0.8392,0.95205,0.75028,1,0.56662,0.96945,0.37742,0.98635,0.16607,0.93174,0.08809,0.7256,0.09931,0.54078,0.2356,0.32509,0.27729,0.14659,0.35803,0.15683,0.4554,0.16741,0.52216,0.06433,0.61108,0.04744,0.73906,0.02321,0.84501],"width":293,"height":361,"transform":{"y":-1.7185,"skY":87.4524,"skX":87.4524,"x":-1.6784},"triangles":[12,9,10,6,7,8,9,13,8,13,6,8,13,17,6,12,13,9,11,12,10,14,17,13,4,5,6,17,4,6,17,3,4,16,17,14,17,19,3,18,19,17,19,20,2,15,16,14,19,2,3,20,1,2,20,0,1]}],"name":"GP_Lobby_CaiShen"},{"display":[{"path":"财神loading/GP_Symbol_103_FX","type":"image","name":"财神loading/GP_Symbol_103_FX","transform":{}}],"name":"GP_Symbol_103_FX1"},{"display":[{"path":"财神loading/GP_Lobby_CaiShen_01","type":"image","name":"财神loading/GP_Lobby_CaiShen_01","transform":{"y":20.4834,"skY":-138.9284,"skX":-138.9284,"x":50.4518}}],"name":"GP_Lobby_CaiShen_01"},{"display":[{"path":"财神loading/GP_Symbol_103_FX","type":"image","name":"财神loading/GP_Symbol_103_FX","transform":{}}],"name":"GP_Symbol_103_FX"},{"display":[{"path":"财神loading/GP_Lobby_CaiShen_02","type":"image","name":"财神loading/GP_Lobby_CaiShen_02","transform":{"y":-16.9261,"x":-0.4768}}],"name":"GP_Lobby_CaiShen_02"}]}],"defaultActions":[{"gotoAndPlay":"xc_3"}],"type":"Armature","frameRate":24,"bone":[{"name":"root","transform":{}},{"length":110,"transform":{"y":80.9405,"skY":-76.3471,"skX":-76.3471,"x":-24.8045},"parent":"root","name":"GP_Lobby_CaiShen"},{"transform":{"y":-35.805,"skY":76.5076,"skX":76.5076,"x":206.0496},"name":"GP_Lobby_CaiShen_02","parent":"GP_Lobby_CaiShen"},{"transform":{"y":48.474,"skY":76.3471,"skX":76.3471,"x":237.8468},"name":"GP_Symbol_103_FX1","parent":"GP_Lobby_CaiShen"},{"length":70,"transform":{"y":-84.0696,"skY":-144.7245,"skX":-144.7245,"x":145.4454},"parent":"GP_Lobby_CaiShen","name":"GP_Lobby_CaiShen_01"},{"transform":{"y":48.474,"skY":76.3471,"skX":76.3471,"x":237.8468},"name":"GP_Symbol_103_FX","parent":"GP_Lobby_CaiShen"},{"length":113,"transform":{"skY":-11.1053,"skX":-11.1053,"x":110.5745},"parent":"GP_Lobby_CaiShen","name":"GP_Lobby_CaiShen1"}],"aabb":{"width":0,"y":0,"height":0,"x":0},"slot":[{"displayIndex":-1,"name":"GP_Symbol_103_FX1","parent":"GP_Symbol_103_FX1","color":{}},{"displayIndex":-1,"z":1,"name":"GP_Symbol_103_FX","parent":"GP_Symbol_103_FX","color":{}},{"displayIndex":-1,"z":2,"name":"GP_Lobby_CaiShen_01","parent":"GP_Lobby_CaiShen_01","color":{}},{"displayIndex":-1,"z":3,"name":"GP_Lobby_CaiShen","parent":"GP_Lobby_CaiShen1","color":{}},{"displayIndex":-1,"z":4,"name":"GP_Lobby_CaiShen_02","parent":"GP_Lobby_CaiShen_02","color":{}}],"ik":[],"animation":[{"frame":[],"duration":160,"bone":[{"rotateFrame":[],"scaleFrame":[],"name":"root","translateFrame":[]},{"rotateFrame":[],"scaleFrame":[],"name":"GP_Lobby_CaiShen","translateFrame":[]},{"rotateFrame":[{"tweenEasing":0,"duration":40},{"tweenEasing":0,"duration":40,"rotate":2.1203},{"tweenEasing":0,"duration":40},{"tweenEasing":0,"duration":40,"rotate":-7.0269},{"duration":0}],"scaleFrame":[{"tweenEasing":0,"duration":40},{"tweenEasing":0,"y":1.12,"duration":40},{"tweenEasing":0,"duration":40},{"tweenEasing":0,"y":1.1,"duration":40},{"duration":0}],"name":"GP_Lobby_CaiShen1","translateFrame":[{"tweenEasing":0,"duration":40},{"tweenEasing":0,"y":2.2433,"duration":40,"x":-9.2353},{"tweenEasing":0,"duration":40},{"tweenEasing":0,"y":0.2643,"duration":40,"x":-8.738},{"duration":0}]},{"rotateFrame":[{"clockwise":-2,"tweenEasing":0,"duration":160,"rotate":105.9029},{"duration":0,"rotate":-76.3471}],"scaleFrame":[],"name":"GP_Symbol_103_FX1","translateFrame":[]},{"rotateFrame":[{"tweenEasing":0,"duration":40,"rotate":-3.8965},{"tweenEasing":0,"duration":40,"rotate":6.5029},{"tweenEasing":0,"duration":40,"rotate":-5.9764},{"tweenEasing":0,"duration":40,"rotate":2.6153},{"duration":0,"rotate":-3.8965}],"scaleFrame":[],"name":"GP_Lobby_CaiShen_01","translateFrame":[{"tweenEasing":0,"y":1.1216,"duration":40,"x":-4.6177},{"tweenEasing":0,"y":1.1216,"duration":40,"x":-4.6177},{"tweenEasing":0,"y":4.8158,"duration":40,"x":-3.7203},{"tweenEasing":0,"y":-3.2717,"duration":40,"x":-6.6628},{"y":1.1216,"duration":0,"x":-4.6177}]},{"rotateFrame":[{"tweenEasing":0,"duration":80,"rotate":-76.3471},{"tweenEasing":0,"duration":80,"rotate":103.6529},{"duration":0,"rotate":-76.3471}],"scaleFrame":[],"name":"GP_Symbol_103_FX","translateFrame":[]},{"rotateFrame":[{"tweenEasing":0,"duration":40,"rotate":-4.2488},{"tweenEasing":0,"duration":40,"rotate":5.3761},{"tweenEasing":0,"duration":40,"rotate":-4.2488},{"tweenEasing":0,"duration":40,"rotate":-2.1669},{"duration":0,"rotate":-4.2488}],"scaleFrame":[],"name":"GP_Lobby_CaiShen_02","translateFrame":[{"tweenEasing":0,"y":-2.7706,"duration":40,"x":-0.673},{"tweenEasing":0,"y":4.3409,"duration":40,"x":-5.7917},{"tweenEasing":0,"y":-2.7706,"duration":40,"x":-0.673},{"tweenEasing":0,"y":-11.1657,"duration":40,"x":-9.5583},{"y":-2.7706,"duration":0,"x":-0.673}]}],"slot":[{"colorFrame":[],"displayFrame":[{"duration":160}],"name":"GP_Symbol_103_FX1"},{"colorFrame":[],"displayFrame":[{"duration":160}],"name":"GP_Symbol_103_FX"},{"colorFrame":[],"displayFrame":[{"duration":160}],"name":"GP_Lobby_CaiShen_01"},{"colorFrame":[],"displayFrame":[{"duration":160}],"name":"GP_Lobby_CaiShen"},{"colorFrame":[],"displayFrame":[{"duration":160}],"name":"GP_Lobby_CaiShen_02"}],"ffd":[],"ik":[],"name":"xc_3","playTimes":0}],"name":"Armature"}]}